"dim1","dim2","dim3","dim4","dim5","dim6","dim7","dim8","dim9","dim10","dim11","dim12"
0.892987285,0.824488052,0.925151824,0.911564503,0.74412521,0.884396776,0.775763836,0.648924644,0.633332369,0.667550646,0.958620945,0.756009184
0.949078749,0.808449687,0.932042095,0.867609578,0.755057996,0.919228732,0.822131751,0.720977416,0.612529641,0.729827102,0.958494182,0.658052541
0.899031557,0.740572152,0.875828695,0.878202443,0.696268757,0.867626391,0.734844199,0.695093866,0.526259011,0.721476881,0.849625846,0.660589991
0.844154168,0.718694378,0.943285179,0.851366935,0.778439863,0.969731311,0.781787759,0.722787194,0.538427678,0.739092257,0.922049311,0.683522778
0.936376408,0.816329505,0.902851953,0.886992364,0.75078222,0.957601863,0.732130826,0.711106732,0.560948659,0.712340322,0.877275424,0.754138511
0.866024048,0.789118279,0.855685754,0.96719212,0.808905906,0.954397786,0.75268211,0.668144658,0.56392811,0.664585339,0.873668445,0.667240323
0.957730395,0.790025856,0.945326484,0.860802626,0.77940922,0.946964842,0.708809104,0.676238497,0.533499008,0.654137804,0.873198088,0.786414474
0.838617397,0.800485444,0.961373071,0.888185366,0.827454205,0.917666576,0.710470744,0.641685681,0.51672748,0.750108676,0.830880444,0.739040483
0.865290694,0.807977829,0.975675512,0.932604974,0.756471714,0.963834504,0.729639777,0.685052551,0.51381883,0.709080116,0.876981591,0.789667276
0.873459459,0.72042096,0.936652846,0.913572226,0.830044492,0.974100004,0.750747643,0.666160686,0.525374695,0.761378674,0.946026771,0.790815048
0.954986691,0.767258388,0.89197849,0.848987965,0.708017279,0.878802771,0.829625473,0.570593286,0.595744274,0.657260524,0.918176947,0.777303994
0.897016616,0.71949305,0.95205865,0.910087331,0.796221728,0.837495658,0.711419502,0.623159273,0.513705228,0.738875469,0.868600333,0.694144629
0.959720086,0.716463968,0.88954523,0.889717206,0.679220271,0.924365717,0.772880861,0.603392196,0.626331151,0.677709159,0.940596728,0.784678583
0.955797133,0.806874494,0.929941189,0.85460146,0.821071902,0.922867249,0.682613951,0.621438979,0.555720358,0.74631404,0.845511189,0.658305342
0.89696431,0.810828418,0.846936105,0.911541268,0.735772504,0.968206872,0.774627022,0.727630885,0.604547048,0.716695874,0.935729079,0.733350867
0.877830566,0.708930761,0.903166548,0.959380889,0.752913268,0.934403606,0.828003996,0.637174302,0.613697726,0.726625153,0.853543641,0.746850357
0.947674265,0.714806304,0.917936202,0.893358771,0.806833107,0.949283923,0.744034947,0.652831955,0.626596821,0.664573656,0.855857897,0.722163219
0.894151963,0.761992638,0.848869627,0.914433194,0.698232493,0.916513916,0.798321768,0.643630343,0.614424907,0.688653594,0.835788039,0.705953083
0.846259661,0.744902231,0.957753552,0.960694769,0.815764113,0.878413483,0.747395991,0.634298225,0.582377838,0.649006495,0.953778835,0.782496624
0.967883307,0.80838772,0.968286881,0.912392415,0.790101958,0.900349496,0.777178312,0.702908975,0.583749285,0.749060292,0.848259844,0.705343981
0.841041074,0.747636096,0.904118478,0.913710776,0.791615744,0.83890821,0.805672114,0.666501908,0.599929459,0.682873911,0.958277513,0.709138432
0.934147231,0.771877547,0.853156125,0.853861696,0.686491631,0.90176906,0.829549241,0.710095706,0.558646776,0.718533138,0.949618071,0.743481681
0.835324573,0.745633639,0.937203692,0.874297349,0.721129401,0.867887746,0.705933173,0.685035773,0.593641029,0.702491487,0.87820664,0.731375825
0.8310418,0.797522228,0.888574856,0.8925411,0.784501055,0.882486781,0.751483837,0.576950083,0.521125746,0.663916036,0.873510719,0.712585884
0.881206489,0.702134603,0.980724777,0.875216055,0.7191623,0.927370543,0.680006379,0.642521743,0.536874227,0.67240571,0.861632813,0.668153609
0.883359058,0.751653415,0.877017819,0.936157188,0.809642047,0.844563512,0.797117814,0.588479591,0.599862917,0.708301023,0.834903645,0.745684547
0.895238276,0.77761333,0.909816491,0.917644245,0.724969512,0.928378534,0.7583681,0.584913053,0.545055363,0.679300321,0.959283365,0.713669409
0.96198275,0.807594359,0.84042374,0.968251864,0.736330799,0.958931828,0.724587254,0.671736678,0.594633644,0.771853095,0.884139791,0.752572236
0.915874769,0.71738749,0.948369306,0.963266024,0.780656881,0.957139691,0.719747269,0.705953368,0.520775654,0.792965397,0.940218171,0.732417405
0.864206089,0.805397334,0.868417205,0.962065375,0.802100349,0.925352222,0.755539773,0.625028721,0.610977928,0.778428065,0.912575059,0.678221633
0.941541616,0.788911812,0.940730336,0.929261556,0.711788575,0.926614924,0.680717601,0.729363798,0.638734366,0.674382479,0.915377436,0.711861878
0.970638555,0.782736639,0.849758926,0.901579424,0.758931213,0.834550093,0.757810591,0.718169727,0.56768772,0.788554538,0.830292193,0.739004026
0.830484043,0.698678806,0.959934656,0.896434445,0.703700382,0.861247611,0.805889036,0.615173999,0.539264992,0.800321981,0.920510971,0.768794646
0.83738245,0.78074976,0.951908576,0.902151202,0.820750358,0.951176649,0.785526839,0.621282523,0.555735218,0.689626048,0.901594561,0.6617514
0.965893944,0.814318112,0.908005295,0.883309979,0.811206566,0.950930932,0.794916262,0.724887125,0.527729315,0.798682462,0.896771562,0.737208135
0.887388955,0.734673958,0.900024865,0.898030111,0.791974007,0.9054506,0.729579682,0.712936356,0.610801917,0.704556778,0.872100924,0.706423868
0.925562663,0.721829493,0.951594591,0.890155289,0.751275517,0.843023861,0.760696831,0.683847387,0.512185531,0.730135241,0.89516759,0.767979649
0.921452297,0.708221478,0.842162982,0.9175445,0.817200595,0.977717243,0.79844976,0.670467918,0.590845137,0.789002656,0.964969024,0.656045593
0.854859274,0.831795953,0.848732844,0.90660163,0.727767062,0.972386346,0.695411358,0.590091891,0.637363153,0.674766633,0.966889414,0.781093744
0.972169553,0.807657598,0.936218904,0.919902351,0.725631921,0.899195176,0.8174405,0.685085679,0.537975328,0.712581858,0.83148617,0.750705287
0.887986243,0.82389498,0.865783366,0.963383659,0.735106628,0.875968698,0.726867822,0.700174278,0.606948771,0.769642159,0.943313855,0.649049421
0.897959496,0.758736059,0.849384827,0.980499412,0.688570386,0.871423871,0.790656456,0.63349312,0.596037279,0.746245065,0.867109779,0.671574229
0.897563882,0.738778708,0.846439406,0.976544385,0.720119536,0.916628338,0.687323599,0.606010924,0.628358036,0.748861707,0.836870551,0.670868985
0.854927251,0.813429034,0.96915931,0.865264213,0.746111439,0.867870147,0.731506454,0.686232009,0.59260047,0.678198429,0.967132102,0.698961824
0.828104694,0.804857214,0.867943323,0.852946591,0.688737581,0.878721048,0.771236298,0.727244349,0.637877913,0.753170436,0.866259026,0.652797821
0.884119083,0.693506252,0.851264232,0.915914306,0.816770878,0.957416233,0.693676443,0.700051335,0.612620845,0.728898422,0.964951014,0.659541098
0.916101565,0.734838986,0.929123068,0.899272883,0.724655,0.969805707,0.815422942,0.67348285,0.631586822,0.664564459,0.872590805,0.712575428
0.865632418,0.827131113,0.850316373,0.852520299,0.762192789,0.952078787,0.819752195,0.665579294,0.547632224,0.799462378,0.883376877,0.762201913
0.908520096,0.694055883,0.879358784,0.928683929,0.783562288,0.909199087,0.763273493,0.602486012,0.55040422,0.651247651,0.88598877,0.792236674
0.959535478,0.767156448,0.907805797,0.906992857,0.732863142,0.959416517,0.785001202,0.653963237,0.547765569,0.686360638,0.903629147,0.736188433
0.850046862,0.717147275,0.89251508,0.892576258,0.77400827,0.871795205,0.748079468,0.7067563,0.615780388,0.663208075,0.874524101,0.666429439
0.910067496,0.808400894,0.868768945,0.98226937,0.684370184,0.9095672,0.682577687,0.629564829,0.641729901,0.735047299,0.835623072,0.767646224
0.885863901,0.750244361,0.976986052,0.925983119,0.792316479,0.961643483,0.763909449,0.642429455,0.522347061,0.719418152,0.888427564,0.648448668
0.870128588,0.691261365,0.952476151,0.90645113,0.749879771,0.918450964,0.754983168,0.669228285,0.543611317,0.672568358,0.962786852,0.65991139
0.953228543,0.718191787,0.87473813,0.907234417,0.750897655,0.843750564,0.825760537,0.695944415,0.607750464,0.692195471,0.881178998,0.678892746
0.848465784,0.720731804,0.844472304,0.877280421,0.812656262,0.888686097,0.717923185,0.646128821,0.625911755,0.69698334,0.833551678,0.775445934
0.890032732,0.829219425,0.846350202,0.859450112,0.831681849,0.897772287,0.697654825,0.627395437,0.637644939,0.761288589,0.920382745,0.781203965
0.879861057,0.823440987,0.880804634,0.889947179,0.726146493,0.862926107,0.700509047,0.59137627,0.639735825,0.739726133,0.871688934,0.717970363
0.837707301,0.818632403,0.894686169,0.889449949,0.797540649,0.938958229,0.736383749,0.726908801,0.557852613,0.772170991,0.917496979,0.68912938
0.851457356,0.715882457,0.975575326,0.886945875,0.731844711,0.891405582,0.709481834,0.596352802,0.580378545,0.780397705,0.897509889,0.733180429
0.886136246,0.813879357,0.921729766,0.93129145,0.682300758,0.967317319,0.704343748,0.651128088,0.620455059,0.690920562,0.841827471,0.791304807
0.943878033,0.694162238,0.972721444,0.920960047,0.701924479,0.941269779,0.78444578,0.607034776,0.513121567,0.703409897,0.911732493,0.74620639
0.847963006,0.759984793,0.840201255,0.982822622,0.726504373,0.915388384,0.761664561,0.634477129,0.640914074,0.789443673,0.844427683,0.657984141
0.968155053,0.75971516,0.948765534,0.908083923,0.795301175,0.941745628,0.752084596,0.614252354,0.542132547,0.79646372,0.847681396,0.681127907
0.941470376,0.710826666,0.855074451,0.962423182,0.751656709,0.97542082,0.808618274,0.699679588,0.585553896,0.728155387,0.902157293,0.691452269
0.83232697,0.830578228,0.919280988,0.857187513,0.787362961,0.898851992,0.750630041,0.586510889,0.553155689,0.728537962,0.922191246,0.737744506
0.891865282,0.814590546,0.856851476,0.904690657,0.777032282,0.882823965,0.825197946,0.631000213,0.51672322,0.714805217,0.912055052,0.722778303
0.835431024,0.743990634,0.840302489,0.888295611,0.770577637,0.850706483,0.713427691,0.666269508,0.555399162,0.697824917,0.96401164,0.777300176
0.96725162,0.816140359,0.90309678,0.897063231,0.723660244,0.956574987,0.689125112,0.720338097,0.584896168,0.75086378,0.915474849,0.773068899
0.894686364,0.799255456,0.909075566,0.975292927,0.712256945,0.889054431,0.73683049,0.611827534,0.603141143,0.736245617,0.931107275,0.742285525
0.928701381,0.781783475,0.87819818,0.844766336,0.813168008,0.902013421,0.738581513,0.726399431,0.558435416,0.749805234,0.954620352,0.68115409
0.961833214,0.806192246,0.880797696,0.905704037,0.793548808,0.920957336,0.807708768,0.637886479,0.620876199,0.792311317,0.945205737,0.721486721
0.978115545,0.768645035,0.916022468,0.852877767,0.786264585,0.904537192,0.682798275,0.615826371,0.511013725,0.685772061,0.854500569,0.658966688
0.921300372,0.811273655,0.868057916,0.902653047,0.753461286,0.948451401,0.719424639,0.650335173,0.547417155,0.777770076,0.970226684,0.647317976
0.901632212,0.811767452,0.862042023,0.945999328,0.721360195,0.890200665,0.725334742,0.705808956,0.56806974,0.80119798,0.836750943,0.731218367
0.873330731,0.831943134,0.904098109,0.956433162,0.752218245,0.844954727,0.771211067,0.708932768,0.538403556,0.710856625,0.875151944,0.728575826
0.948263491,0.754926034,0.926596816,0.88992477,0.71855732,0.872914059,0.7843871,0.607858323,0.540242824,0.679957147,0.893073935,0.74888973
0.919872252,0.776751403,0.851521437,0.951567031,0.767655959,0.917736976,0.838494645,0.704128616,0.560146698,0.729250096,0.884198484,0.66717121
0.879604728,0.725832741,0.883851668,0.923999961,0.708308947,0.950520464,0.826861089,0.701692503,0.534414953,0.758596511,0.83623143,0.751746394
0.881560822,0.794445107,0.843400237,0.937608084,0.710604412,0.875532917,0.781930442,0.583799307,0.607960109,0.713823712,0.83239177,0.761158926
0.929516955,0.778781416,0.933482438,0.949866545,0.739909074,0.886296606,0.804565264,0.585949008,0.581189715,0.767559462,0.838189723,0.725887393
0.888240019,0.705129281,0.944124582,0.891269012,0.726023749,0.860619702,0.835176763,0.578234678,0.561507508,0.65469472,0.922366664,0.651790255
0.889864697,0.701259857,0.860459366,0.860003182,0.753541623,0.920221885,0.833773535,0.673164528,0.508087419,0.789881651,0.958270794,0.764211302
0.855271542,0.707448059,0.975962735,0.91675968,0.691232733,0.97539398,0.802546011,0.657346253,0.619649125,0.717860762,0.868835002,0.650035741
0.862428136,0.715893728,0.878413691,0.977071286,0.706905562,0.95463039,0.811407651,0.674899958,0.64338765,0.801056384,0.878385263,0.718857036
0.94955646,0.744212661,0.946034162,0.904377547,0.696703909,0.903116915,0.697258022,0.572741548,0.539611335,0.719254842,0.888329542,0.789752606
0.899459081,0.805433777,0.909586642,0.91881668,0.801287788,0.852608293,0.777976694,0.583203596,0.619250444,0.783094805,0.886779107,0.767516474
0.896541345,0.801308451,0.884225778,0.910239738,0.697342601,0.955191832,0.769908616,0.576996549,0.567396622,0.695605173,0.883558373,0.758103158
0.917838744,0.739197084,0.911856607,0.921128742,0.749044111,0.880076519,0.700902119,0.675417067,0.542347024,0.693718441,0.869364085,0.755942842
0.925980044,0.754494215,0.9089345,0.881269911,0.805611222,0.905300704,0.683961683,0.684058151,0.52264107,0.755610293,0.895841855,0.750363672
0.850241271,0.719070742,0.915193091,0.860705379,0.769305126,0.922490791,0.826151196,0.700817326,0.573891328,0.772346073,0.904921581,0.752041482
0.951622056,0.80366192,0.864623528,0.873053989,0.723091992,0.899027347,0.7846465,0.626873819,0.586130371,0.775425437,0.85821713,0.663309079
0.881896178,0.744543881,0.963486576,0.981803368,0.780501178,0.948451976,0.732777514,0.634438647,0.539998034,0.689462104,0.896743605,0.714409768
0.938904716,0.709318896,0.952860298,0.859812642,0.831717833,0.879817163,0.734828291,0.590159892,0.625024937,0.773060558,0.885347641,0.652459665
0.842245572,0.819236034,0.892804165,0.853433143,0.768736119,0.839393587,0.755730492,0.720737925,0.547172049,0.699409557,0.915731163,0.66968423
0.976800836,0.759657831,0.948191121,0.919270519,0.710554115,0.878191301,0.740302414,0.582757653,0.52718354,0.751322836,0.927318794,0.754499884
0.902378199,0.769164801,0.947079443,0.850165748,0.714652193,0.937180583,0.681451908,0.720158832,0.616352903,0.663279154,0.876749022,0.688484247
0.864243943,0.830481118,0.872991621,0.956999329,0.742697411,0.855174619,0.821009605,0.69012124,0.58485171,0.667113013,0.844239302,0.663143617
0.977979607,0.743274392,0.965763472,0.851173511,0.770415594,0.938612315,0.784852976,0.698446881,0.544831702,0.736154543,0.941656787,0.743762281
0.916186046,0.827287306,0.892377772,0.919478877,0.706463082,0.914745063,0.713840897,0.580942549,0.61291177,0.759587284,0.930759299,0.768800875
0.479122691,0.253355213,0.448357102,0.409090214,0.31294277,0.526579386,0.30327571,0.20095393,0.171282362,0.220708038,0.404796548,0.27142705
0.488993429,0.221388703,0.533964217,0.52234893,0.267251636,0.525664134,0.394393227,0.197247849,0.113046891,0.215146172,0.326977421,0.174766369
0.483167378,0.333095183,0.413579888,0.500121985,0.296015396,0.527940076,0.320046657,0.231819115,0.133677359,0.191133799,0.343278849,0.160242529
0.439984162,0.360038823,0.528830172,0.512279965,0.233823594,0.526489797,0.325862222,0.246486335,0.127865187,0.218873571,0.348903272,0.170617623
0.523308174,0.222071796,0.410439712,0.399254022,0.303214038,0.408949503,0.307670811,0.289928008,0.178704891,0.252620099,0.410365679,0.215189915
0.466690982,0.247476914,0.386247447,0.490318133,0.354599599,0.528130242,0.39286107,0.171237723,0.18100187,0.221523612,0.422925871,0.263320695
0.514536286,0.297776062,0.460561312,0.384123198,0.235678481,0.448425009,0.325195197,0.16584324,0.15866889,0.179996241,0.371165508,0.249050621
0.432216218,0.283509364,0.52933853,0.516655367,0.286723382,0.440483811,0.418563295,0.25249489,0.191367166,0.256490752,0.352220219,0.190057197
0.49333242,0.282011804,0.530046208,0.37740481,0.273472596,0.522662984,0.326346552,0.191419233,0.131302607,0.213564033,0.388798932,0.206482079
0.430159913,0.29876576,0.400697157,0.50190663,0.329602013,0.393574757,0.423194027,0.208849953,0.092558184,0.210489456,0.430920722,0.208696732
0.436661613,0.291888769,0.423383252,0.455993444,0.249227322,0.447143702,0.357495093,0.190571646,0.188111476,0.233771193,0.431705348,0.236614813
0.442303698,0.249914333,0.532332316,0.481530119,0.243799237,0.496769697,0.404330646,0.26471297,0.097667484,0.274452623,0.316282802,0.274806676
0.383580689,0.367816391,0.397982581,0.448685987,0.264675166,0.50674839,0.368873374,0.308086839,0.11358468,0.166491667,0.438634532,0.288848445
0.478357456,0.289198582,0.51909625,0.507989855,0.332168388,0.527951799,0.396586798,0.306837847,0.14403201,0.224226012,0.346526785,0.246825088
0.399500376,0.233168639,0.469882619,0.520446509,0.34585802,0.469415701,0.414219943,0.297567108,0.165278227,0.15899452,0.311035847,0.280370987
0.405091221,0.233142653,0.425389836,0.402191993,0.229927914,0.507063872,0.306524742,0.208110964,0.168615703,0.276090178,0.35211137,0.269971801
0.434410707,0.292208334,0.51692338,0.434857883,0.253033039,0.466368115,0.294284096,0.19417921,0.150783198,0.226392013,0.329172088,0.215568757
0.489803471,0.230359038,0.418395889,0.426799205,0.348375176,0.49446262,0.283646694,0.219743876,0.089208371,0.181677386,0.323965483,0.154458937
0.529238897,0.326705185,0.392341853,0.449209158,0.34246075,0.406483587,0.412171433,0.297619441,0.186237818,0.270724254,0.37150876,0.29223034
0.408472511,0.366320451,0.52027311,0.479044186,0.269648477,0.467499734,0.326404861,0.167975243,0.125324438,0.174949937,0.316758942,0.236181661
0.456740204,0.372848671,0.462191922,0.428110649,0.32862417,0.428544551,0.314134281,0.296482147,0.090834739,0.265328484,0.350435937,0.246807757
0.402578923,0.29333838,0.444071837,0.430949266,0.223065032,0.463206077,0.282037957,0.280303061,0.188783295,0.174476168,0.405444041,0.273508384
0.471265604,0.234380388,0.514615572,0.439678192,0.285896874,0.518458858,0.274940232,0.259966984,0.179620107,0.180951819,0.325618909,0.256715896
0.427732997,0.354670251,0.50361819,0.44825162,0.331466784,0.440301855,0.409709702,0.172694967,0.099354343,0.237172963,0.373053715,0.25284723
0.513707045,0.310128136,0.389666019,0.503945738,0.359929386,0.456175126,0.381837611,0.160328081,0.100498714,0.252709732,0.417334303,0.165440605
0.524890317,0.280404991,0.512518856,0.506703101,0.325548103,0.468290252,0.282976053,0.289023993,0.188976937,0.191398295,0.35671935,0.21431398
0.411202404,0.30547224,0.526081266,0.490383391,0.272726128,0.445999371,0.378746803,0.223423358,0.146077751,0.19996044,0.40402255,0.227026138
0.508074635,0.281376774,0.476792131,0.412375251,0.340929862,0.488386054,0.298518012,0.243112347,0.114144688,0.185494434,0.331441948,0.161991786
0.482866426,0.29976507,0.411829902,0.522088839,0.294781958,0.470659853,0.387508164,0.263688065,0.192737815,0.240560258,0.415144799,0.201460272
0.425712256,0.277233223,0.492063021,0.379622824,0.303056419,0.480688586,0.402765153,0.198252208,0.102580285,0.273412681,0.434550661,0.273573682
0.501247491,0.26987239,0.411777351,0.494459274,0.304777249,0.484553287,0.292961703,0.175759265,0.188221217,0.186965224,0.395554819,0.288786234
0.498642318,0.358300126,0.47672434,0.514400212,0.289332008,0.49312279,0.334250326,0.164202079,0.104754927,0.246511001,0.431670082,0.19448349
0.492045187,0.279994902,0.390536564,0.528188298,0.333976121,0.490511826,0.30789031,0.22625539,0.108940451,0.239887517,0.395092357,0.219202487
0.428392256,0.234031155,0.396628694,0.53682908,0.250137664,0.421195635,0.403176219,0.183508402,0.076725327,0.169602591,0.438582503,0.157262976
0.389503308,0.319109287,0.428778163,0.459383285,0.304224697,0.467277149,0.337779548,0.186463058,0.093130377,0.1943019,0.394531823,0.255590089
0.429131491,0.279708221,0.401365848,0.52818369,0.244092483,0.389552274,0.337119214,0.251181969,0.174069263,0.282152034,0.370183846,0.23598467
0.52667137,0.37088293,0.467126361,0.409264238,0.366287254,0.522946633,0.354511575,0.242788358,0.11037035,0.260478934,0.313039718,0.274859558
0.510280391,0.265870051,0.463270457,0.534458968,0.354719807,0.516264898,0.410689717,0.175865865,0.076445013,0.256029272,0.404750326,0.203467076
0.512804901,0.224311752,0.529059845,0.534193534,0.345140647,0.478172053,0.288809565,0.172801377,0.100061458,0.2220432,0.40402208,0.232836902
0.434409174,0.246576334,0.407909744,0.398337686,0.232600143,0.392870589,0.305164855,0.243551711,0.176223277,0.27837954,0.389508429,0.154628628
0.418602226,0.23739797,0.508470463,0.518539446,0.272914541,0.449216544,0.288792047,0.20916142,0.090940099,0.233273058,0.374761185,0.236683022
0.475347984,0.311648675,0.462864648,0.504745214,0.327493779,0.437986009,0.355600996,0.207429359,0.175291278,0.181629556,0.410184176,0.260430084
0.476657905,0.320781658,0.499038971,0.479012,0.306528588,0.536472272,0.302954,0.170605969,0.140851202,0.208194342,0.360762761,0.253196402
0.383582859,0.355685167,0.526579486,0.422004678,0.31532728,0.415635842,0.274978978,0.19471035,0.17569506,0.254850525,0.378194409,0.256597974
0.501009113,0.26619795,0.408253897,0.40156602,0.366346719,0.47142208,0.314244779,0.291497817,0.110002252,0.167703596,0.327867665,0.217457589
0.383551729,0.243795776,0.3908162,0.512401452,0.33512353,0.520742474,0.298507594,0.192984538,0.096207602,0.238592852,0.417403411,0.221409636
0.487065425,0.358531887,0.537200379,0.394444381,0.214531036,0.514325841,0.389886946,0.183440208,0.170949113,0.256858039,0.41323758,0.191496334
0.476400328,0.28168174,0.50773317,0.51052567,0.298803786,0.48753088,0.397897503,0.213413479,0.126140071,0.163839435,0.313600075,0.235419012
0.390561414,0.284807117,0.404503033,0.439723895,0.335739334,0.388243372,0.338661897,0.23853402,0.160487344,0.193442112,0.37241235,0.218627686
0.490135211,0.225828503,0.498788322,0.472909182,0.277111256,0.505825604,0.340757166,0.227513361,0.102840189,0.276892322,0.35001377,0.190832158
0.472679702,0.367918917,0.447514943,0.452259089,0.273166425,0.517833657,0.302619547,0.2408541,0.197671664,0.22444043,0.433750782,0.154255981
0.406036755,0.287732101,0.493509978,0.494786886,0.318694822,0.436150344,0.419806082,0.242136598,0.099895565,0.22218621,0.407247841,0.254123562
0.425112586,0.288650866,0.467219207,0.491657164,0.252974472,0.442042422,0.290159444,0.289539711,0.142472414,0.241035555,0.362062193,0.189291278
0.445983244,0.337701039,0.385834059,0.538004284,0.258059986,0.439626987,0.403206976,0.305358282,0.075407371,0.186083221,0.441372324,0.150497349
0.470217226,0.320594646,0.389412747,0.418661217,0.229261581,0.427840393,0.296990652,0.287462265,0.10830315,0.16929778,0.432700341,0.260521274
0.428821505,0.37034373,0.462008198,0.398638721,0.239578278,0.421740878,0.417749963,0.210335165,0.114647097,0.249341736,0.43303935,0.291310346
0.38330236,0.285326265,0.535586028,0.449787708,0.259390204,0.475354603,0.298098026,0.245444453,0.100601825,0.281315106,0.332090931,0.273674213
0.474808951,0.362224935,0.528327962,0.418529638,0.274570347,0.481633462,0.316909287,0.287840416,0.196509122,0.243801851,0.340844887,0.15395665
0.423122783,0.367949542,0.390306073,0.470036702,0.353226638,0.512939544,0.395482551,0.312312702,0.151799931,0.246117826,0.344930834,0.21576867
0.445752738,0.228966267,0.419089897,0.467644839,0.266621358,0.48736291,0.376482507,0.175244286,0.165926028,0.283473653,0.419463133,0.282587497
0.396937762,0.313886323,0.540265197,0.535641787,0.243854075,0.457178956,0.396305415,0.235042111,0.104138215,0.232869737,0.360884341,0.2628561
0.438578932,0.22803858,0.488723809,0.459109701,0.266997247,0.423261061,0.305285321,0.262176764,0.111779309,0.170038397,0.330341308,0.193362733
0.44401575,0.305011517,0.438237569,0.393308847,0.305706007,0.389503956,0.335735515,0.284590292,0.198720806,0.231206722,0.386892986,0.155487673
0.44363815,0.376812178,0.437395018,0.445358904,0.233089194,0.442229562,0.371219212,0.238301751,0.100370225,0.267513894,0.407980545,0.237549465
0.49211233,0.216085922,0.427754917,0.414640811,0.33462145,0.532220518,0.294867483,0.277397918,0.133606209,0.167008959,0.328362432,0.210114006
0.451510503,0.248096965,0.520548053,0.426720873,0.29355385,0.523424048,0.295655471,0.171155669,0.159942117,0.258811807,0.316563008,0.159682923
0.385986441,0.238391291,0.479213738,0.409263266,0.317090234,0.467499375,0.408885624,0.25917041,0.1150517,0.205637426,0.424678182,0.28297269
0.506357516,0.310105483,0.528486647,0.380364646,0.295213545,0.487085909,0.370892403,0.166634788,0.144230862,0.209203667,0.319382072,0.259294616
0.490034188,0.357391818,0.478422403,0.431598097,0.289365944,0.46423912,0.396293608,0.222548504,0.122383101,0.236073802,0.323058016,0.282543512
0.504793836,0.27422841,0.522151054,0.532938039,0.21766104,0.430983007,0.367608296,0.268766413,0.151429146,0.213117021,0.425790637,0.281806243
0.403075548,0.287560429,0.387475388,0.378462757,0.29141646,0.478715188,0.328539586,0.181852494,0.14819419,0.206833083,0.359693198,0.254108504
0.487253408,0.290495996,0.457918754,0.51439392,0.266206361,0.417079796,0.304047775,0.3144444,0.112434544,0.17506429,0.315205793,0.189059727
0.471538443,0.359071547,0.431305979,0.435115989,0.283853322,0.536228048,0.32180556,0.217562465,0.187744127,0.238367671,0.402275823,0.188944483
0.442809146,0.340691839,0.436269489,0.531101404,0.346469138,0.492797706,0.297843722,0.288244685,0.126857911,0.169527285,0.377732136,0.217129224
0.417353993,0.284558152,0.402531797,0.509828972,0.26590445,0.495952349,0.281884562,0.198749181,0.07901249,0.246697758,0.423373117,0.260132767
0.42352942,0.2524392,0.428663971,0.399037953,0.291137395,0.452240378,0.399100039,0.214700776,0.158357437,0.228741553,0.312336163,0.183972245
0.524231515,0.234732269,0.537838535,0.501164514,0.366159463,0.533056508,0.376375385,0.259063408,0.161996902,0.280701461,0.365042901,0.164612082
0.516125914,0.316773495,0.466518672,0.440590092,0.285984722,0.531030241,0.3419011,0.309557363,0.200941981,0.18795885,0.429611775,0.241796792
0.522954512,0.358559188,0.533667099,0.427474662,0.358766721,0.506514165,0.356416722,0.203863023,0.084526291,0.24637794,0.429557045,0.287931969
0.48530113,0.36425105,0.379859135,0.460159637,0.266990942,0.393105317,0.279762065,0.287766704,0.147557517,0.185330537,0.345719936,0.274762012
0.480141059,0.22008685,0.404410053,0.41054866,0.230511495,0.471985643,0.370452063,0.174957796,0.098873097,0.174769029,0.315383764,0.159754323
0.506624853,0.248340538,0.507132735,0.516184983,0.306663431,0.474287612,0.300436692,0.239267288,0.086954477,0.228695844,0.404672715,0.266503782
0.52920825,0.326710367,0.453627267,0.515762339,0.270542151,0.510779134,0.424393433,0.201387262,0.192974669,0.226688743,0.330242683,0.274445413
0.400360782,0.357783052,0.432351359,0.532724935,0.313674274,0.485982053,0.408360634,0.27687233,0.102721595,0.22162448,0.392988012,0.239892898
0.442819894,0.261123376,0.465579049,0.526666479,0.327251764,0.456019005,0.369248951,0.269318684,0.104885336,0.259381326,0.410168728,0.180648167
0.431815771,0.363426704,0.464785907,0.537426634,0.301625034,0.534680617,0.370903682,0.315548985,0.176144367,0.269457742,0.369055876,0.249170419
0.445041014,0.296788878,0.389673792,0.474143757,0.322360265,0.420142187,0.275989646,0.219501521,0.128215802,0.230628131,0.371819601,0.176654226
0.493313212,0.231933763,0.470692173,0.438414413,0.277501754,0.40145562,0.40499714,0.300452923,0.091636578,0.281735501,0.357602694,0.15269138
0.499208413,0.357359077,0.445950681,0.458017689,0.27974008,0.510722794,0.333683761,0.202333795,0.092392943,0.221755221,0.336015779,0.165163425
0.481251125,0.31883794,0.389429381,0.526415334,0.346209896,0.393626057,0.391783531,0.311184008,0.165796825,0.199155655,0.351851942,0.279080601
0.410170381,0.250889388,0.411140454,0.393369568,0.364250327,0.481695519,0.33445972,0.273991768,0.170289529,0.219703164,0.363789817,0.211270818
0.473075081,0.361669305,0.433979975,0.42046511,0.273332584,0.43885586,0.379061121,0.220432491,0.176012436,0.200226556,0.32296174,0.17115303
0.424821338,0.219975235,0.422890257,0.507565537,0.241461144,0.423074109,0.423694648,0.212963196,0.185573425,0.172019785,0.434324705,0.226458016
0.471524464,0.353153243,0.411821099,0.409856625,0.324842314,0.4914182,0.398269372,0.227403002,0.071870345,0.200691011,0.342536403,0.221801402
0.471979187,0.340563879,0.487772014,0.400783869,0.325737916,0.457456544,0.32601543,0.231365075,0.180866461,0.182466221,0.33401316,0.176557709
0.42754157,0.320306367,0.537583129,0.465025552,0.303794059,0.409937781,0.393025662,0.251471361,0.097811587,0.160616341,0.327801737,0.162852274
0.407801173,0.350551273,0.4364619,0.456099052,0.356301143,0.432715828,0.286109449,0.218790068,0.141600724,0.190617251,0.356048072,0.173117177
0.476252393,0.28215357,0.399742867,0.429334056,0.286844861,0.505533663,0.334414507,0.307519523,0.114720383,0.214160257,0.384180712,0.271136059
0.527814939,0.269180179,0.432589826,0.456513425,0.347609725,0.436788661,0.391535204,0.257554194,0.139749989,0.173974463,0.393564316,0.21048351
0.399849889,0.223618399,0.443430666,0.533384279,0.296036097,0.536326133,0.421329463,0.307272446,0.112876204,0.210018534,0.427828882,0.251760422
0.345275479,0.527107468,0.087429811,0.631930999,0.939232075,0.667666082,0.114024731,0.83965565,0.415107423,0.340077077,0.166703999,0.431633214
0.243295447,0.539923061,0.187229054,0.657229137,0.902959453,0.555547567,0.137384931,0.745498387,0.402297131,0.429481595,0.110002943,0.449457235
0.224104246,0.540758014,0.039140768,0.637329064,0.786111728,0.663011555,0.057235454,0.863377802,0.430272589,0.555891747,0.121565865,0.55137558
0.319768243,0.579811161,0.203147959,0.669294538,0.820499973,0.542411923,0.16334704,0.672365318,0.530913117,0.42289471,0.032166907,0.395077334
0.363791989,0.610604989,0.203184925,0.614152179,0.82077543,0.514763483,0.166072787,0.74290223,0.466842736,0.536637539,0.17637732,0.524837451
0.292659163,0.503938737,0.073550606,0.627081589,0.909358645,0.614226074,0.123325882,0.720808885,0.554975658,0.363612054,0.10411317,0.508328797
0.383074086,0.512488775,0.068357719,0.657175621,0.75785591,0.59693305,0.172315055,0.710600299,0.392130581,0.550304011,0.091493361,0.563710564
0.22968417,0.474337473,0.091282905,0.686393559,0.8433779,0.512810832,0.09593491,0.730801326,0.466174594,0.548642586,0.039912279,0.45873186
0.30065054,0.568810465,0.10165584,0.717431081,0.908756748,0.656627056,0.082906762,0.773507626,0.469257995,0.484021102,0.09223594,0.443725861
0.344564999,0.494650427,0.176028868,0.711861695,0.844398057,0.675904889,0.148544555,0.690437504,0.484679731,0.427423859,0.140383278,0.505784717
0.314694538,0.598868645,0.085502739,0.752695324,0.781470189,0.526204077,0.049589895,0.713617842,0.458173387,0.449406154,0.082766023,0.534601307
0.346900836,0.566061797,0.108024229,0.737677011,0.763593594,0.626316176,0.152795367,0.877877755,0.506589677,0.359294812,0.067186094,0.476218005
0.274555628,0.610325554,0.116218859,0.757636953,0.905515692,0.648652689,0.100689379,0.79246137,0.456781527,0.352094204,0.131352943,0.393129922
0.380738981,0.492890839,0.058614397,0.765583923,0.831994788,0.683150405,0.162745988,0.826641372,0.522527734,0.408546679,0.117007239,0.481333966
0.234404158,0.4659514,0.033431442,0.60569203,0.948406408,0.636700379,0.177205477,0.784758041,0.403019164,0.326140076,0.057633409,0.425076527
0.285042796,0.529986477,0.173077424,0.649402384,0.808371329,0.494651909,0.100467611,0.89240718,0.468101226,0.518693567,0.111437678,0.543411062
0.266695125,0.625283669,0.142373739,0.702739428,0.902049571,0.51727339,0.042911423,0.751198854,0.562543602,0.513383918,0.041887841,0.478498809
0.281552764,0.502081849,0.152732976,0.704290053,0.854867367,0.512988516,0.124924267,0.667557425,0.408237342,0.535638702,0.143161204,0.568702932
0.232405722,0.56670123,0.144065408,0.658776595,0.887290294,0.558360336,0.049377003,0.85980829,0.428082409,0.384337459,0.110882656,0.563053449
0.324843671,0.56001402,0.205342401,0.681778091,0.87333344,0.52932708,0.183667034,0.734907125,0.50392981,0.486188813,0.036944322,0.500631684
0.316045411,0.620779932,0.072494804,0.758637301,0.794476382,0.62235905,0.152670651,0.817178694,0.443832949,0.500627097,0.163017298,0.496170406
0.235943022,0.553513943,0.034596914,0.663868702,0.890706225,0.642140798,0.16171681,0.855099233,0.462347165,0.473761094,0.068055336,0.389581204
0.330408716,0.456857364,0.155411225,0.641275133,0.948833335,0.525605801,0.112372064,0.676989124,0.403015749,0.382152879,0.05496843,0.389959204
0.369891576,0.457209818,0.054383163,0.640396189,0.844342617,0.591549261,0.11533712,0.877536718,0.531208193,0.476897441,0.103602852,0.54581964
0.223145725,0.506864773,0.065468542,0.721918992,0.952916562,0.550492106,0.11535571,0.71556177,0.369716169,0.499069128,0.069939428,0.467103942
0.240660553,0.596845711,0.104503643,0.704809699,0.95353931,0.641538031,0.116302356,0.746614065,0.54193202,0.394297718,0.071982312,0.46728941
0.312774135,0.532030173,0.045056548,0.734311656,0.762126213,0.519832922,0.162410399,0.728065112,0.510110229,0.481943322,0.167712494,0.446400206
0.35563668,0.511158333,0.04512263,0.730398856,0.905918745,0.565080881,0.083701154,0.696395623,0.467860929,0.343472064,0.083403743,0.471928813
0.34247092,0.54099459,0.148045695,0.68427514,0.776766575,0.640410578,0.161793615,0.653882046,0.476679009,0.550011936,0.054043067,0.487688555
0.335107702,0.573630917,0.102300476,0.691297516,0.942296752,0.616915758,0.109842312,0.771367414,0.381530471,0.483034,0.144290885,0.463406407
0.329151667,0.465733648,0.082760826,0.737766932,0.861816047,0.532604343,0.103997895,0.857873377,0.538691569,0.476910957,0.172448658,0.549383719
0.362380139,0.576093862,0.126742216,0.741291949,0.778106997,0.592555467,0.153230559,0.877791398,0.497629241,0.380227095,0.087814579,0.483305697
0.360862395,0.625810161,0.171826894,0.7268248,0.864432865,0.540885298,0.188207523,0.836990024,0.394985247,0.438193068,0.105622642,0.449646214
0.342339925,0.498761232,0.210539,0.623126118,0.852294944,0.533408572,0.094417583,0.897451425,0.428903464,0.444141933,0.069624286,0.43106875
0.379196296,0.495417914,0.070416007,0.730067834,0.949718195,0.598003465,0.074290867,0.880756764,0.43451829,0.414287516,0.17005341,0.480383309
0.200314966,0.50744145,0.204952542,0.708342869,0.906143929,0.634072022,0.073682836,0.755821264,0.561488517,0.371547689,0.070847,0.460384281
0.228579846,0.502235871,0.074305143,0.67435236,0.917428094,0.607677822,0.089114031,0.688329775,0.459511328,0.463620595,0.039867899,0.427355764
0.285238353,0.466431587,0.136168559,0.695626347,0.846303645,0.572315341,0.123076054,0.727451373,0.534615765,0.375791931,0.121295535,0.400344188
0.216309017,0.492735135,0.17491949,0.706666984,0.832358255,0.539976781,0.153617266,0.678763989,0.548323806,0.495288498,0.148668576,0.465931996
0.376525029,0.556458745,0.027430906,0.640962055,0.835794706,0.529911868,0.062216763,0.762710338,0.507067165,0.55991736,0.063510207,0.400721528
0.315490274,0.627803749,0.067974994,0.747750144,0.917899228,0.538739779,0.195979185,0.652972766,0.388703845,0.470446621,0.144839503,0.503506542
0.228720913,0.616906125,0.071151708,0.683702077,0.783896562,0.551201292,0.141270927,0.754952465,0.511394463,0.373261447,0.081980122,0.544573915
0.262310906,0.473496354,0.197892213,0.617178238,0.775365367,0.612959541,0.152433495,0.691293441,0.41554909,0.499908943,0.122249463,0.51053975
0.216624093,0.521402645,0.194690792,0.673828643,0.927966983,0.611515732,0.110736106,0.81741676,0.561784117,0.571559097,0.092960851,0.540829423
0.348358195,0.545664359,0.062926987,0.717343654,0.908934185,0.545825759,0.07723377,0.821609583,0.400823448,0.338564886,0.048090328,0.460799323
0.363407528,0.532405182,0.157551218,0.715574875,0.892020439,0.648809949,0.062040925,0.818572064,0.542369304,0.408023176,0.053247599,0.395907305
0.39138335,0.504157825,0.028755106,0.76055672,0.807113546,0.661950417,0.135781166,0.65244879,0.422135901,0.399029237,0.144803075,0.486182944
0.218784426,0.528579173,0.087245693,0.748897129,0.912254075,0.616724546,0.165851384,0.671881571,0.52409485,0.476286411,0.067191438,0.523136001
0.238310524,0.53451864,0.110300826,0.626755178,0.850244331,0.522507567,0.163840644,0.750248175,0.41338039,0.408681854,0.055205481,0.414303414
0.383415441,0.568334545,0.156990563,0.72175273,0.909827511,0.523853843,0.193844121,0.843367427,0.420356738,0.334971383,0.173365379,0.401636626
0.373735745,0.564916474,0.154546502,0.753747033,0.865685801,0.495428907,0.074776255,0.72163462,0.46297403,0.431412197,0.165995445,0.474359756
0.343252102,0.490832542,0.191372874,0.733522587,0.790322144,0.666132012,0.066229912,0.649030969,0.37043952,0.536844253,0.149955214,0.568655982
0.241780413,0.545850188,0.179670556,0.705762302,0.858521548,0.605975281,0.122143012,0.818689607,0.408636409,0.391982675,0.06816877,0.568433577
0.326621734,0.494899065,0.189065705,0.632873368,0.884170713,0.545907869,0.083837889,0.890957497,0.540262119,0.499134438,0.036795527,0.513997269
0.218078557,0.564191302,0.120436242,0.681490594,0.893765315,0.671375886,0.16643612,0.897790918,0.41228963,0.481788046,0.163239832,0.417510654
0.275192248,0.495240551,0.195546228,0.631906133,0.910499288,0.636585526,0.124628299,0.763912987,0.394854079,0.511808911,0.150045636,0.407763522
0.227106316,0.459438513,0.077034622,0.68248358,0.85658731,0.526585002,0.097668027,0.849856049,0.523892833,0.467582612,0.151209428,0.520446254
0.376972374,0.537074605,0.198269198,0.608859063,0.864210243,0.648217233,0.059756664,0.762534792,0.375842564,0.450976053,0.110905025,0.441138039
0.204883065,0.585536394,0.152301485,0.612947113,0.872313774,0.660145118,0.056117085,0.724058151,0.408405202,0.483338134,0.044670018,0.388644098
0.300147565,0.569734034,0.124781035,0.705663346,0.872907477,0.610894932,0.166287588,0.656184653,0.382870043,0.488053728,0.03915327,0.429362652
0.228214033,0.489862403,0.201096772,0.766390462,0.943358602,0.681261518,0.045010008,0.833964636,0.524506892,0.547482716,0.069550108,0.482548403
0.3059084,0.499999009,0.108968472,0.763606982,0.803597913,0.605082358,0.101449212,0.838109015,0.376464107,0.324329561,0.101260591,0.533149584
0.353911053,0.512499371,0.123941232,0.650439083,0.829803275,0.562601053,0.158119836,0.656392668,0.399497821,0.399329257,0.093925618,0.509519717
0.197301857,0.497254043,0.059942471,0.741109543,0.820916971,0.647209575,0.069912865,0.763638304,0.372858004,0.569981928,0.124968793,0.551541894
0.229317105,0.549623887,0.192375534,0.684481512,0.830775452,0.600917924,0.178288948,0.790365298,0.546360355,0.523371318,0.105184617,0.513222976
0.360892299,0.467831038,0.086710303,0.695900634,0.836255687,0.502071534,0.125514097,0.713406772,0.374749113,0.331449439,0.159209721,0.533131289
0.387446515,0.534199411,0.175284384,0.633229593,0.890430328,0.567439336,0.078351906,0.846813436,0.482279548,0.369983343,0.127446925,0.502121436
0.266825883,0.535612328,0.114354571,0.672729504,0.902473538,0.64338657,0.160606644,0.755649734,0.507195695,0.444580975,0.103477666,0.539490366
0.288150396,0.550788168,0.071249684,0.747922399,0.790738395,0.61411394,0.159422123,0.72005845,0.537512816,0.576196881,0.09905024,0.45886368
0.338363872,0.618128542,0.071033408,0.648363766,0.878750891,0.495663301,0.183167925,0.879710301,0.547979583,0.377852329,0.153188102,0.463968026
0.373639092,0.560790185,0.183416238,0.734511786,0.816328907,0.661329459,0.097574362,0.83487442,0.430422656,0.381051185,0.085201043,0.517783476
0.312485566,0.451371771,0.040403544,0.741905927,0.903474214,0.565227112,0.070354779,0.7661222,0.539382307,0.336354188,0.035741548,0.567633858
0.204940074,0.525193232,0.171670482,0.656830258,0.882144855,0.582521559,0.086487702,0.658261962,0.512057294,0.429383867,0.035135792,0.42180838
0.31118098,0.541621653,0.152691272,0.707587276,0.923664363,0.496695835,0.041119084,0.733902359,0.488195714,0.407757299,0.129601561,0.456588878
0.34951471,0.51174796,0.206853023,0.745493548,0.950286324,0.609422953,0.103639641,0.862563818,0.372436355,0.473332389,0.080725407,0.392537172
0.360747603,0.603960449,0.156303161,0.70335492,0.916124542,0.594524227,0.078329379,0.724366752,0.386158414,0.36961082,0.036256069,0.435943254
0.279368165,0.618156628,0.190502225,0.757637522,0.928736824,0.529975181,0.059054429,0.812087135,0.554407335,0.529039944,0.063824185,0.564644577
0.284637628,0.617452538,0.052545904,0.761533663,0.802549517,0.516165781,0.117189519,0.87732235,0.406293391,0.450695914,0.0846351,0.533885481
0.266219609,0.469459505,0.09796234,0.686561733,0.89193687,0.683388412,0.112910762,0.777184997,0.381203354,0.40143002,0.101603155,0.436083505
0.247202849,0.592115602,0.107310412,0.661488392,0.95055643,0.588597666,0.057348866,0.795806129,0.523526032,0.481625665,0.160961332,0.546806424
0.386101547,0.55865172,0.200986322,0.64178611,0.880890218,0.650141623,0.176306292,0.65186992,0.39776629,0.386994116,0.10181096,0.47486375
0.277572983,0.521755004,0.148749699,0.675383902,0.877898939,0.516110199,0.070216622,0.879466052,0.559692892,0.527915604,0.148594654,0.455576152
0.270681207,0.549596366,0.104472544,0.714917012,0.811690739,0.610670343,0.107517009,0.850436134,0.410171802,0.482577246,0.161477996,0.526708176
0.255164789,0.578671161,0.173718111,0.702503425,0.838967737,0.515270514,0.116226039,0.684964601,0.49302915,0.344352887,0.086688719,0.557592556
0.260973576,0.602523949,0.070063876,0.722809096,0.903601248,0.498796334,0.188788084,0.6563814,0.41561107,0.491707121,0.048390255,0.523667176
0.345939732,0.571626933,0.120639577,0.689454555,0.75440015,0.564954057,0.09012083,0.821180852,0.544976686,0.49131955,0.045761246,0.563789556
0.386650775,0.55586895,0.180812001,0.763709523,0.794390412,0.5897152,0.108712469,0.649636828,0.463586461,0.332969041,0.034000678,0.389985161
0.381281353,0.452536651,0.109000883,0.722238381,0.943801366,0.495754749,0.202352846,0.7050803,0.389718901,0.561374336,0.12708144,0.529411306
0.332546199,0.450751036,0.172083339,0.717352664,0.941272665,0.659869985,0.059807928,0.82515185,0.412796965,0.435466869,0.06199858,0.547504324
0.393320404,0.612349103,0.043484543,0.611863173,0.771357854,0.543075293,0.130270376,0.868159864,0.379474847,0.558985502,0.11734316,0.466876235
0.260460411,0.491118257,0.112968611,0.716271361,0.905822922,0.551736671,0.149653606,0.790730885,0.372399653,0.549971367,0.131845805,0.458880196
0.325295803,0.573165858,0.098535903,0.730612901,0.912498726,0.569641527,0.091302824,0.703449957,0.499887588,0.403902111,0.05071611,0.45228573
0.341795204,0.550560741,0.080619332,0.62114482,0.822747911,0.660724709,0.193504535,0.764578406,0.393991856,0.552760675,0.164214108,0.398018784
0.267700563,0.583521296,0.072742724,0.723638808,0.780164598,0.565590479,0.118804212,0.662189689,0.50449626,0.421169581,0.047994563,0.511628268
0.231362633,0.495837584,0.148837065,0.685175725,0.872194703,0.657211134,0.128132225,0.76880358,0.431310869,0.576888415,0.167657508,0.479513898
0.325038881,0.624982,0.10937605,0.716958302,0.953538667,0.62749311,0.10717276,0.80221447,0.483164284,0.455796182,0.078362014,0.461134071
0.280313169,0.544518423,0.061399272,0.625365279,0.902966038,0.648852341,0.082174396,0.66915597,0.386375409,0.495917409,0.116209588,0.489179594
0.241331872,0.612769697,0.187019688,0.617154898,0.909760553,0.567607291,0.124142639,0.790289172,0.482296096,0.369417859,0.093456215,0.448654096
0.220180506,0.471619209,0.072222906,0.76764175,0.803970589,0.675576823,0.072361479,0.868733438,0.42502689,0.389076609,0.116652821,0.52594823
0.221169305,0.499314326,0.073416989,0.689714739,0.95062979,0.514982986,0.103261342,0.800478795,0.54852043,0.500433117,0.173987243,0.408871169
0.648328201,0.528886352,0.853590096,0.598313542,0.054094549,0.894684498,0.112160115,0.778661455,0.621521265,0.691326883,0.721464919,0.635822167
0.224255556,0.053229976,0.990532955,0.956216165,0.787802796,0.148748403,0.591165466,0.227160727,0.334988261,0.370700883,0.036872008,0.235944974
0.768302992,0.53964664,0.326412403,0.464094113,0.909878661,0.319908286,0.119143419,0.987402977,0.5416712,0.426213013,0.909072794,0.125672778
0.187224294,0.830035355,0.960979549,0.494409642,0.414222877,0.831827255,0.034713723,0.424901531,0.081146215,0.469935191,0.988503393,0.184345837
0.202091107,0.525571401,0.459050221,0.8979275,0.403400687,0.007256087,0.73556739,0.992604658,0.925385382,0.385960551,0.691135311,0.124983263
0.940484647,0.390932847,0.428112731,0.535188471,0.069627392,0.028806761,0.140842847,0.166219886,0.086136702,0.98482913,0.490471769,0.006397441
0.155672144,0.187027447,0.72390317,0.229129339,0.342336709,0.94701029,0.214074752,0.989444051,0.033710703,0.710857277,0.016739559,0.056788444
0.293491112,0.704211353,0.6359751,0.18229556,0.730457055,0.461322865,0.714527355,0.455020862,0.452945374,0.28730252,0.905696542,0.841164094
0.426758459,0.850634556,0.420362845,0.716392512,0.715533053,0.288374377,0.579166098,0.00223411,0.421104492,0.059440255,0.36509874,0.672894175
0.130742013,0.485910831,0.056439525,0.020212723,0.546617628,0.59637003,0.218593604,0.869721576,0.125355961,0.52589138,0.181970743,0.009299208
0.758833741,0.812206502,0.355825335,0.457549377,0.49402933,0.409563053,0.912653011,0.818978534,0.488416738,0.918052617,0.455257257,0.552749355
0.172657789,0.080912487,0.65312613,0.956558338,0.40199751,0.49705693,0.918332507,0.291808658,0.169112797,0.405489468,0.526530933,0.895423097
0.626802222,0.494239264,0.533827913,0.62711701,0.978372094,0.539055269,0.018208116,0.158098095,0.099315344,0.719026884,0.582380945,0.450255326
0.447615,0.706373736,0.474110289,0.32509789,0.183002158,0.990958706,0.413366784,0.088898303,0.973275755,0.424794262,0.398618633,0.302792316
0.471084095,0.596879176,0.164367121,0.716341736,0.605318429,0.990614021,0.962567245,0.552217194,0.103460657,0.960744198,0.620012497,0.767561086
0.841613027,0.412429947,0.702972993,0.868131801,0.665346255,0.496229422,0.040894012,0.48219973,0.281794623,0.082550344,0.268564491,0.443726302
0.542030943,0.608379681,0.750273147,0.282234888,0.504627208,0.04771902,0.177343752,0.636647403,0.487821181,0.890880913,0.52444479,0.289495353
0.619932683,0.674139916,0.74257282,0.899172534,0.227504299,0.001327106,0.404236863,0.149958368,0.064759459,0.446422149,0.989315234,0.245753838
0.321059032,0.923505925,0.470223055,0.636457589,0.694508352,0.444881024,0.348326729,0.792338995,0.858696416,0.816308723,0.217605449,0.780963767
0.87018753,0.258178194,0.685768578,0.382206128,0.932598501,0.703226431,0.139858241,0.707035773,0.068743904,0.722214138,0.869231584,0.679035881
0.172538859,0.006521523,0.37924279,0.200189296,0.256240596,0.436294666,0.157029503,0.661663789,0.800065726,0.056746819,0.07593938,0.254462562
0.379817543,0.494689762,0.736920472,0.576083454,0.936949427,0.371542323,0.024680297,0.998653612,0.618999523,0.891380494,0.198609305,0.662690875
0.002996353,0.655268736,0.527659337,0.398747037,0.658884333,0.636946819,0.776233131,0.880637565,0.008224583,0.109882216,0.810229591,0.481022571
0.967898867,0.056558122,0.1476961,0.333462856,0.246507191,0.27538704,0.074348269,0.423997634,0.571457742,0.879654041,0.595035023,0.931702917
0.391455977,0.366032959,0.296338429,0.904281304,0.278952859,0.266262847,0.577060261,0.356407806,0.75834379,0.966908848,0.258741903,0.423721037
0.878839534,0.923262829,0.896483129,0.743109976,0.881019445,0.342473113,0.463289861,0.111475218,0.683655771,0.060614571,0.825828764,0.26576618
0.864797068,0.97259317,0.537213705,0.394055501,0.133022837,0.546401589,0.765066702,0.670470076,0.396256476,0.261046774,0.835275746,0.699828091
0.604919112,0.143303786,0.314163765,0.020260976,0.864805824,0.425530522,0.870954034,0.378706547,0.560546314,0.619686131,0.924016957,0.248466496
0.760934475,0.3099501,0.361749923,0.366437062,0.609853721,0.811283548,0.127930143,0.265700625,0.989728734,0.17747103,0.954532842,0.360260783
0.729655517,0.957263719,0.797364422,0.91830468,0.752745572,0.142219851,0.328007363,0.781686301,0.469033677,0.544091755,0.325217653,0.369507301
0.814731725,0.322174178,0.14486981,0.740739131,0.139560271,0.201365605,0.014147574,0.241602372,0.729621341,0.759215126,0.407686338,0.350994372
0.821714351,0.593003699,0.576409001,0.320495484,0.746524778,0.697216947,0.294687168,0.271988432,0.954975599,0.853526762,0.257325479,0.762259391
0.159190586,0.248722695,0.907429035,0.207518119,0.998280836,0.564188334,0.35295301,0.052975926,0.995235466,0.446147233,0.16727748,0.081250552
0.509712606,0.775905443,0.657551361,0.515154114,0.750932031,0.55796266,0.684745666,0.699533385,0.354901364,0.438679824,0.7569002,0.219885209
0.628145312,0.754171363,0.24658342,0.543052324,0.935771157,0.591081643,0.518285281,0.601489625,0.43292389,0.747308155,0.576843308,0.861587694
0.035126177,0.531776379,0.741744694,0.23235683,0.870263824,0.460784384,0.876884148,0.610553696,0.004052025,0.277307869,0.96276386,0.719916413
0.925052793,0.847937125,0.33102203,0.258819912,0.789217725,0.113499476,0.197550054,0.999406838,0.826526822,0.813129702,0.019370155,0.338533292
0.420038816,0.909933481,0.354948978,0.173086064,0.023554761,0.296899618,0.596309007,0.063361821,0.500396203,0.300550339,0.948688057,0.451830783
0.562272365,0.424215203,0.738328304,0.130306663,0.358720547,0.503774327,0.978230865,0.245227407,0.736772832,0.113829733,0.480280599,0.891314498
0.958235033,0.671618837,0.093132544,0.169977954,0.252859061,0.246526059,0.457705318,0.913852497,0.604494127,0.188870114,0.456529616,0.055389488
0.231351051,0.254616192,0.546591972,0.898972901,0.358382095,0.99827105,0.956838533,0.710534368,0.769510168,0.292237802,0.523829995,0.673883469
0.804840327,0.017437479,0.789669629,0.537032349,0.365281071,0.575392501,0.133810588,0.681992637,0.816572505,0.493880165,0.835191757,0.287890961
0.020281737,0.319092979,0.704367766,0.02939472,0.402419671,0.537732356,0.415597885,0.427352764,0.205166292,0.72020022,0.013270871,0.188241959
0.71716596,0.950735975,0.320370208,0.676963382,0.256609855,0.715941587,0.637791785,0.001623119,0.969662878,0.768923798,0.088921102,0.822830476
0.309613802,0.762545316,0.285325121,0.046282466,0.559483823,0.02993024,0.12863213,0.870393739,0.5304603,0.102430909,0.929819785,0.022616945
0.406569482,0.666171732,0.454132579,0.780389342,0.347607203,0.263133028,0.310324345,0.658601316,0.171494326,0.610320587,0.703393035,0.095608232
0.24492823,0.328459157,0.42024726,0.092218239,0.722327682,0.241576236,0.542819433,0.136370827,0.995032792,0.223217851,0.216342826,0.443020588
0.870067273,0.329197793,0.683029451,0.96005229,0.274207553,0.912816164,0.401805848,0.044659342,0.493998528,0.378488226,0.315609478,0.636911661
0.965922691,0.426177824,0.013830153,0.808612737,0.746671527,0.355929033,0.336190369,0.973954946,0.647843755,0.280902679,0.099892938,0.604963128
0.556323053,0.078469817,0.888006501,0.483101266,0.32671319,0.953087291,0.895298191,0.282471911,0.089378091,0.802647972,0.992779498,0.832341004
0.667695955,0.629641775,0.462042708,0.0247553,0.255706958,0.453932654,0.361561157,0.056827337,0.759091555,0.191775674,0.572044025,0.172522602
0.311813461,0.985560276,0.344385695,0.790675963,0.162734318,0.932952335,0.575994913,0.425580127,0.062938873,0.046589819,0.008144186,0.507010776
0.551407743,0.243022578,0.543302912,0.571240697,0.068975876,0.232400827,0.923530399,0.715764712,0.111808478,0.336356474,0.944755171,0.466680885
0.980876004,0.881752415,0.289753877,0.700223445,0.321985059,0.528172146,0.608293844,0.697382367,0.8781421,0.201205873,0.373339262,0.723624506
0.59107645,0.978593044,0.159687538,0.545946517,0.170752619,0.433244242,0.667110198,0.253942908,0.252609028,0.862468455,0.79777181,0.989006246
0.982553327,0.387625348,0.675929203,0.873927092,0.861577112,0.304699107,0.712582806,0.226892777,0.247069841,0.600520381,0.785680694,0.097395647
0.180748331,0.916019128,0.239743479,0.737676698,0.898596066,0.071647416,0.045841908,0.11599719,0.463342093,0.32469448,0.414961959,0.308718476
0.545350743,0.525791743,0.932512882,0.186206383,0.587256306,0.152061838,0.761908354,0.764010334,0.073820876,0.063193346,0.056157415,0.244804716
0.339631991,0.907258711,0.609741588,0.542275161,0.9130818,0.295201276,0.6216129,0.922270547,0.385293795,0.930482905,0.523252373,0.092360658
0.889045312,0.969303445,0.473651085,0.742466774,0.473828369,0.181993359,0.455706548,0.34039896,0.788986667,0.82552675,0.934488996,0.497301355
0.528178387,0.880257047,0.113576243,0.429268182,0.451165863,0.835166294,0.078521606,0.524690729,0.966391235,0.35923638,0.928853839,0.180289441
0.044467443,0.177310235,0.189278993,0.776273912,0.807172789,0.124219249,0.026270947,0.288630703,0.325654468,0.942549762,0.679052695,0.105561206
0.879752712,0.016117422,0.471753005,0.877862297,0.205081882,0.608289795,0.325634994,0.302532397,0.6714846,0.230171426,0.44925653,0.460681582
0.194791709,0.435582565,0.450148186,0.597152547,0.716721388,0.917449184,0.436780729,0.775000065,0.542319414,0.631623248,0.822622409,0.042800439
0.972876729,0.232497764,0.966438067,0.196473514,0.883674007,0.254059968,0.950570782,0.360768886,0.798772658,0.103715354,0.402166115,0.200555743
0.105516514,0.583154345,0.910824877,0.868651381,0.242685351,0.708190752,0.621298015,0.451510024,0.362263639,0.962131767,0.653636652,0.473066777
0.178523644,0.520367932,0.81240405,0.970092222,0.471780927,0.737208191,0.36536973,0.789738046,0.774951728,0.023968263,0.198397676,0.008373603
0.038304402,0.038895295,0.07069235,0.286678842,0.053875285,0.705100617,0.271585429,0.729216896,0.554604334,0.452289275,0.714195847,0.596624755
0.214256769,0.437308654,0.203563475,0.198013182,0.414503261,0.676052138,0.571576265,0.814513775,0.591497225,0.238682999,0.237131173,0.721180318
0.37263906,0.605199642,0.619524003,0.800032792,0.82252766,0.867399484,0.907928353,0.835784408,0.477174434,0.22007299,0.560374587,0.111915273
0.24887588,0.959218453,0.332920524,0.847229939,0.31631776,0.669412274,0.641920841,0.330881139,0.119044894,0.888813779,0.089365953,0.931169586
0.29840416,0.522715814,0.786761759,0.79527872,0.010600418,0.760723965,0.287038104,0.390246187,0.299158015,0.003134052,0.541043334,0.962604998
0.732551923,0.200220935,0.88210963,0.363675946,0.300091168,0.561968586,0.866220622,0.770480147,0.061165625,0.240586727,0.727524699,0.245331069
0.404697079,0.873306378,0.483219837,0.661558797,0.131636841,0.824116886,0.045849463,0.931241941,0.051056211,0.468663115,0.034670941,0.467581306
0.911203699,0.509959037,0.417763496,0.167186573,0.348753177,0.61180694,0.399439103,0.441956856,0.338585729,0.866011651,0.492710315,0.563903709
0.741277048,0.812006727,0.987132871,0.190544004,0.14324225,0.942236056,0.192523633,0.223134056,0.155838825,0.088181186,0.499095192,0.788152164
0.631226655,0.696173826,0.058928596,0.772377965,0.824004787,0.784423155,0.056245418,0.892409375,0.926384583,0.067666507,0.340990555,0.978289375
0.137960276,0.277059179,0.315508758,0.763710011,0.482827142,0.494987904,0.112765073,0.367311696,0.988389263,0.466777302,0.599699179,0.975058801
0.79088728,0.661974505,0.576411388,0.595535197,0.883877745,0.602609537,0.260492492,0.561738121,0.686816294,0.623449957,0.259287496,0.339569339
0.85608053,0.945175385,0.534483801,0.972678332,0.884518244,0.803484854,0.028820692,0.721654729,0.116555726,0.357246025,0.302634801,0.391212849
0.465125101,0.420610173,0.525707591,0.849142873,0.806760707,0.917581986,0.737016767,0.152522087,0.776691049,0.507950675,0.251110699,0.100635257
0.340031214,0.822688834,0.912282051,0.525902834,0.774627983,0.150429921,0.839042858,0.415695949,0.587879926,0.825833172,0.07063952,0.035457649
0.966668563,0.100582005,0.015079135,0.016073622,0.766835876,0.747668949,0.249901598,0.003693325,0.378879805,0.868376779,0.951755395,0.857138846
0.214213316,0.188488157,0.584560675,0.162005827,0.019028087,0.821819748,0.377077207,0.206740435,0.348612229,0.789948785,0.551666081,0.437387866
0.63190297,0.290939004,0.575062832,0.012991615,0.528510644,0.649262363,0.98431935,0.084639338,0.07126086,0.012012647,0.309070597,0.727053291
0.212876642,0.718487694,0.879098225,0.040208173,0.636048973,0.095422186,0.901620787,0.495463527,0.288792018,0.744447364,0.480184752,0.170721155
0.986585726,0.526553538,0.271510541,0.278676903,0.859799648,0.46103127,0.242373657,0.467624146,0.25272303,0.14442718,0.254995872,0.640817242
0.371932515,0.751430136,0.495310879,0.263315398,0.856595318,0.94314848,0.990950974,0.27881615,0.687448612,0.210227324,0.945942426,0.288411915
0.784170007,0.267683058,0.528085907,0.092300585,0.371752241,0.295254916,0.196732147,0.693901591,0.984717905,0.806784388,0.368402322,0.042122011
0.190527643,0.420194479,0.729933879,0.938495934,0.438136953,0.775645932,0.542338884,0.51205625,0.939465549,0.758408815,0.956618938,0.840259088
0.676179064,0.794411018,0.073518839,0.576877091,0.528590166,0.266301211,0.004619937,0.929047236,0.058974805,0.44835706,0.993109503,0.90484714
0.1768222,0.030286865,0.024988198,0.453629233,0.265823949,0.647758529,0.726946165,0.957150974,0.350073107,0.319783091,0.013778674,0.144949567
0.505904557,0.687480011,0.372006249,0.165007529,0.937513303,0.15064087,0.629914524,0.265426162,0.388647981,0.966604035,0.506171153,0.289021225
0.020956469,0.767238743,0.445087775,0.478441134,0.112540588,0.475632284,0.128403367,0.866542316,0.719644973,0.520282129,0.623468922,0.283174635
0.277939573,0.19105722,0.840739651,0.091553634,0.805058381,0.298356318,0.019242864,0.737038338,0.153268262,0.809947278,0.638633283,0.525677854
0.835688066,0.847264059,0.691086504,0.954240943,0.606231183,0.456000598,0.891140235,0.372345167,0.161448749,0.579714557,0.614587443,0.81467061
0.189083227,0.704208803,0.006046951,0.478114331,0.865997159,0.074009105,0.6113594,0.280063137,0.859961734,0.903808746,0.220103781,0.12791097
0.42183366,0.271398462,0.864489152,0.956210143,0.358900479,0.694519764,0.156477853,0.882583784,0.614840947,0.666898301,0.383674797,0.535895882
0.981478953,0.896033165,0.539099237,0.237312274,0.769200939,0.634228444,0.575530871,0.920203662,0.357639058,0.092798572,0.063889574,0.467256579
0.254772724,0.72374948,0.116060387,0.568377605,0.254542625,0.165002673,0.894909935,0.117330474,0.368329204,0.766662579,0.72115221,0.050825851
0.645102368,0.719862672,0.274215547,0.754256836,0.101465714,0.267860105,0.237645069,0.267480373,0.241039005,0.433566434,0.123539213,0.377806865
0.956314048,0.08133917,0.262388476,0.652278482,0.745733883,0.360218088,0.116936316,0.21596816,0.388800786,0.033186878,0.401419579,0.467405223
0.830657143,0.665668546,0.918790716,0.704576693,0.094401046,0.977475116,0.191400413,0.025637842,0.282045797,0.794246287,0.554882292,0.105395208
0.972757035,0.828861435,0.421142245,0.792596904,0.859214604,0.135903056,0.417929072,0.00776832,0.678513729,0.183112375,0.890968965,0.927051907
0.490450607,0.453393373,0.17568487,0.502681449,0.881175911,0.69211717,0.950945612,0.705129237,0.941626857,0.166272486,0.008716504,0.309096545
0.287695577,0.139666511,0.200384502,0.521714575,0.413584777,0.274221103,0.581101658,0.53518641,0.329264931,0.827247801,0.201204744,0.272893774
0.326912588,0.56561881,0.519089105,0.503111381,0.629848369,0.022121133,0.291076269,0.297173363,0.452722669,0.549381518,0.784915093,0.253611043
0.47283231,0.87821618,0.246167674,0.743038887,0.676973042,0.635661259,0.113624757,0.054489107,0.508217717,0.31106738,0.395559433,0.640891868
0.757224311,0.343601606,0.386584302,0.917789095,0.299474306,0.927547786,0.76753481,0.006211655,0.86875229,0.485721103,0.403795742,0.463412049
0.640740313,0.573538332,0.287968862,0.751396344,0.574561552,0.567006539,0.851831701,0.391423384,0.652537816,0.894257078,0.566452831,0.371549138
0.787296603,0.139758779,0.207125933,0.381640509,0.356106001,0.030258493,0.204702684,0.636921954,0.180988672,0.377172838,0.528112571,0.20553609
0.782199917,0.922886534,0.77117156,0.376909702,0.346136507,0.578325759,0.260443082,0.908622879,0.546231821,0.164130169,0.19247845,0.471525968
0.496461007,0.311250812,0.501434229,0.570477336,0.900693597,0.592030854,0.088245988,0.230590565,0.59844934,0.782393003,0.910142091,0.443394067
0.122642309,0.415546704,0.793245519,0.124010364,0.768986434,0.487905368,0.526604783,0.732458365,0.344003224,0.865745534,0.838864054,0.065319275
0.661222453,0.748129304,0.432782471,0.323421983,0.042956454,0.771650553,0.978929623,0.588053259,0.224301827,0.44594103,0.382284886,0.77793356
0.045673432,0.664812497,0.194619904,0.135081876,0.233716071,0.007708312,0.66168905,0.904330062,0.650769508,0.715096359,0.796808927,0.356464523
0.365898257,0.515933047,0.208121983,0.375831353,0.388283863,0.604988657,0.959326545,0.399655659,0.161890034,0.928584443,0.673785063,0.236953183
0.538072129,0.338494006,0.141209165,0.852316607,0.887731538,0.553519536,0.362295566,0.957357286,0.384565972,0.815985397,0.794948989,0.632876996
0.561696685,0.932610161,0.828150396,0.299081947,0.463072847,0.994194297,0.191619842,0.526951795,0.940760605,0.280946704,0.666082933,0.163556511
0.194630491,0.662464071,0.483492967,0.183454577,0.056762698,0.316734483,0.527369655,0.094548465,0.783379144,0.554487343,0.637257692,0.697463233
0.32364867,0.634816696,0.947230799,0.25528557,0.202650448,0.693934576,0.371852425,0.199476752,0.608547257,0.205735288,0.31859832,0.418954473
0.47042337,0.205851305,0.212943237,0.177043996,0.297919353,0.935211265,0.902120386,0.757470348,0.767103032,0.028664472,0.00760489,0.756642789
0.724808324,0.576218669,0.257547373,0.095709816,0.070725632,0.020852125,0.949174103,0.359338309,0.818919207,0.888608761,0.957149534,0.384528654
0.923380232,0.549345153,0.852037726,0.888723885,0.823158015,0.508310305,0.033383216,0.351930487,0.154023322,0.370018314,0.666536435,0.557678553
0.585414119,0.363258168,0.474697677,0.502197046,0.416459835,0.54197129,0.688844257,0.416147099,0.330306737,0.024196392,0.54862782,0.007821808
0.695331727,0.889101664,0.016324443,0.55791503,0.020015424,0.978883506,0.427771574,0.244131746,0.442359069,0.614723219,0.488298042,0.310606524
0.975509582,0.310410528,0.932863841,0.835159486,0.641648956,0.901672764,0.511573421,0.277637029,0.976696988,0.229878982,0.445979691,0.274622382
0.932083952,0.177966999,0.348858555,0.028471951,0.263022143,0.768365934,0.7465621,0.690152634,0.002405072,0.927818183,0.83653139,0.370088819
0.945245467,0.291360294,0.146190071,0.106843223,0.12371284,0.886205901,0.571453697,0.663039922,0.982984312,0.811809964,0.413129308,0.845378396
0.442732493,0.983834642,0.737297879,0.72968077,0.795943878,0.919215355,0.933548011,0.024591191,0.35032247,0.016175317,0.449360713,0.572821192
0.048229057,0.094485298,0.749057176,0.744697364,0.488355079,0.788778261,0.5380887,0.555815715,0.466326911,0.839556759,0.394461015,0.212754572
0.798685822,0.423208195,0.13611725,0.505991118,0.829137821,0.243806393,0.128489801,0.450036912,0.472846388,0.983288384,0.545836697,0.641464644
0.408486549,0.04591295,0.672255247,0.200175692,0.257674982,0.694432441,0.839064977,0.831770955,0.725494339,0.390058523,0.920258639,0.115310456
0.630167475,0.768372662,0.400512789,0.243679995,0.060707348,0.175712269,0.984329268,0.955089332,0.990970245,0.88092762,0.226105609,0.868825036
0.287616881,0.142176255,0.565897584,0.849583834,0.514599221,0.847702276,0.775709956,0.933120506,0.996701315,0.158834661,0.508572782,0.280216149
0.901881456,0.231517597,0.529964161,0.017017072,0.033267259,0.196421117,0.886677682,0.890431534,0.853502078,0.952807751,0.320545846,0.90667961
0.840424271,0.603751381,0.555210431,0.335232934,0.562791726,0.271063932,0.542883037,0.226981109,0.411952921,0.005171895,0.283991224,0.018961585
0.952748227,0.991873575,0.369085745,0.370319202,0.284094455,0.099375943,0.515529065,0.273622587,0.567370867,0.400060534,0.754906813,0.500880685
0.337728255,0.402730128,0.764609791,0.519869126,0.5533613,0.070222202,0.122698389,0.869573031,0.99013803,0.325124342,0.961480598,0.120596642
0.532972048,0.386205572,0.637924823,0.198553001,0.354964459,0.638372954,0.028600722,0.025556563,0.045417544,0.237061182,0.79876667,0.364910768
0.995299306,0.98042112,0.411905851,0.540934934,0.26700599,0.773179806,0.158556371,0.529622415,0.318290148,0.93646339,0.593730165,0.686735078
0.63412697,0.853268344,0.695485022,0.399003045,0.884409675,0.676494233,0.860703214,0.694824958,0.594486438,0.961725419,0.516091027,0.572803199
0.417210366,0.617259604,0.041843027,0.22263089,0.144625078,0.811836323,0.391266809,0.843792572,0.727503421,0.746219376,0.136270687,0.544059934
0.706522614,0.374108056,0.476817377,0.279224316,0.210462381,0.145708749,0.092255398,0.258527122,0.502916329,0.802589936,0.555144747,0.21228526
0.857714669,0.077138146,0.910906637,0.9550526,0.853434312,0.153686844,0.210609562,0.574251877,0.962483408,0.26530045,0.10719469,0.119202296
0.71802257,0.838056492,0.899005547,0.439427779,0.932762154,0.48999647,0.551276179,0.835528015,0.008616541,0.894760981,0.519428492,0.981281549
0.173565151,0.565877244,0.068441809,0.406075199,0.152399221,0.741293639,0.766244738,0.907651253,0.703793208,0.775109805,0.896826265,0.836573423
0.208062486,0.68519656,0.7838775,0.146111634,0.501440716,0.79340332,0.176317357,0.475025714,0.044029409,2.32E-04,0.423751674,0.674788238
0.702112611,0.329386041,0.108304071,0.371465942,0.214146763,0.990974727,0.829936141,0.422907553,0.586313644,0.955496168,0.684564216,0.324085298
0.01129405,0.91689579,0.090031701,0.80178232,0.164301256,0.189015252,0.722889319,0.031942378,0.235278286,0.150325265,0.735208338,0.411980929
0.911318248,0.497096766,0.33677785,0.173368641,0.394839087,0.160093385,0.910686644,0.91246576,0.215685944,0.197271124,0.340855729,0.809887241
0.101637109,0.854247212,0.344119878,0.044767134,0.076956883,0.058769153,0.073640054,0.781601932,0.868155226,0.627439017,0.756013405,0.140754372
0.655872295,0.94209233,0.553280176,0.221394349,0.383835377,0.01308014,0.715330039,0.371461545,0.90658516,0.869542876,0.105485205,0.843602172
0.177249047,0.978087456,0.48726038,0.913285514,0.391888213,0.823740575,0.284163075,0.208037189,0.37741793,0.001286398,0.355327923,0.652345844
0.196931977,0.888213493,0.247943524,0.291764176,0.766991774,0.326627831,0.904733186,0.177874115,0.633248297,0.044007656,0.540840884,0.859506451
0.260840315,0.562470004,0.548565986,0.837127663,0.036549361,0.099634158,0.0237501,0.999836315,0.837865424,0.926035148,0.484925655,0.594023317
0.837714729,0.919178276,0.65271412,0.349103605,0.997444352,0.379256115,0.721009863,0.333915234,0.815038621,0.724989915,0.140431775,0.551233879
0.021820791,0.265471549,0.281284325,0.514620164,0.27804527,0.66534837,0.356204512,0.959576914,0.671201729,0.226809136,0.406521879,0.912907214
0.457558863,0.623852992,0.248896168,0.12652886,0.172601299,0.502650462,0.720636577,0.887241575,0.76988482,0.453438635,0.736680493,0.685593644
0.484026437,0.157039162,0.070820022,0.856295219,0.178498707,0.029510839,0.343158778,0.360612877,0.582748255,0.547785896,0.957622717,0.756847198
0.335482944,0.799378048,0.433532829,0.43966375,0.593374522,0.942976358,0.824316658,0.515921796,0.808726222,0.281401831,0.284042852,0.937791954
0.715441424,0.023911337,0.486411932,0.572207116,0.562624757,0.549729458,0.874980545,0.429407279,0.623234658,0.793520781,0.531801032,0.135029247
0.211238855,0.399603062,0.619680839,0.28937671,0.949574668,0.929009155,0.734713291,0.162385037,0.257789592,0.914973128,0.808062629,0.87568501
0.407722028,0.017754135,0.003576202,0.917663912,0.054458518,0.684049619,0.466723353,0.582002145,0.265408334,0.517237547,0.245436664,0.965896169
0.385999149,0.995574474,0.022172148,0.109652624,0.892664011,0.787786518,0.541243119,0.410892089,0.066406761,0.240715687,4.43E-04,0.103736272
0.549885781,0.51645999,0.892326289,0.940896453,0.266492171,0.358941815,0.663716006,0.866965443,0.790907502,0.744834534,0.206367354,0.455414456
0.992902296,0.658620826,0.332149224,0.147555413,0.373123798,0.833091981,0.856088459,0.595600344,0.860570652,0.253627151,0.625107322,0.248298472
0.741827473,0.302600382,0.531992201,0.972629772,0.030145202,0.901390189,0.738956134,0.659765129,0.913217118,0.874590312,0.043904221,0.825215787
0.124583042,0.90150015,0.872429319,0.481270555,0.224585417,0.301047995,0.952177632,0.930359668,0.251557552,0.442448381,0.179182364,0.328012902
0.842054364,0.07046649,0.478162638,0.316534422,0.095619256,0.985753037,0.728765585,0.988621972,0.996674488,0.8664541,0.260715775,0.096318524
0.873547721,0.65133354,0.254130883,0.852431001,0.251262189,0.872190615,0.212448024,0.998422732,0.21038265,0.137294921,0.052578404,0.712957239
0.316018501,0.737767451,0.237465351,0.224127814,0.471501722,0.523594586,0.631092472,0.251245763,0.064136319,0.990947403,0.334749032,0.106747784
0.18294831,0.477504524,0.016150984,0.526150816,0.340389419,0.930501956,0.376224485,0.914851422,0.318889141,0.940088865,0.255326251,0.393251945
0.765609868,0.834291894,0.683810471,0.428998471,0.255334327,0.014336112,0.009946505,0.385345012,0.87741471,0.708778495,0.346329869,0.955309144
0.709221822,0.271827863,0.856802107,0.215359675,0.589249424,0.124995093,0.974616373,0.264245395,0.543816692,0.723093393,0.965971351,0.414848146
